"Page path level 3";"Page Title";"Pageviews";"Unique Pageviews";"Avg. Time on Page";"Bounce Rate";"% Exit"
"/sik-experiment-guide-for-arduino---v32/";"SIK Experiment Guide for Arduino - V3.2 - learn.sparkfun.com";"408,303";"314,525";"00:04:10";"70.34%";"50.11%"
"/esp8266-thing-hookup-guide/";"ESP8266 Thing Hookup Guide - learn.sparkfun.com";"277,878";"229,015";"00:02:57";"71.89%";"48.00%"
"/how-to-install-ftdi-drivers/";"How to Install FTDI Drivers - learn.sparkfun.com";"275,534";"222,105";"00:03:05";"71.11%";"48.19%"
"/terminal-basics/";"Serial Terminal Basics - learn.sparkfun.com";"266,896";"224,943";"00:02:47";"76.06%";"58.58%"
"/how-to-use-a-multimeter/";"How to Use a Multimeter - learn.sparkfun.com";"198,907";"177,067";"00:04:26";"84.19%";"77.36%"
"/switch-basics/";"Switch Basics - learn.sparkfun.com";"158,435";"138,569";"00:03:37";"82.03%";"70.48%"
"/raspberry-gpio/";"Raspberry gPIo - learn.sparkfun.com";"154,857";"134,620";"00:03:23";"72.46%";"53.55%"
"/transistors/";"Transistors - learn.sparkfun.com";"132,276";"114,261";"00:04:49";"82.13%";"71.55%"
"/polarity/";"Polarity - learn.sparkfun.com";"127,957";"114,754";"00:03:53";"83.87%";"77.15%"
"/disabling-driver-signature-on-windows-8/";"Disabling Driver Signature on Windows 8 - learn.sparkfun.com";"116,605";"99,454";"00:05:18";"85.77%";"80.32%"
"/connector-basics/";"Connector Basics - learn.sparkfun.com";"101,675";"88,225";"00:02:30";"73.57%";"62.50%"
"/working-with-wire/";"Working with Wire - learn.sparkfun.com";"99,700";"86,498";"00:01:53";"83.44%";"73.76%"
"/using-eagle-board-layout/";"Using EAGLE: Board Layout - learn.sparkfun.com";"92,174";"81,192";"00:04:18";"74.59%";"63.19%"
"/diodes/";"Diodes - learn.sparkfun.com";"91,927";"81,809";"00:03:41";"82.43%";"73.69%"
"/serial-communication/";"Serial Communication - learn.sparkfun.com";"76,626";"67,989";"00:03:29";"79.13%";"65.86%"
"/using-the-bluesmirf/";"Using the BlueSMiRF - learn.sparkfun.com";"68,606";"49,850";"00:03:05";"55.73%";"28.60%"
"/resistors/";"Resistors - learn.sparkfun.com";"67,248";"57,747";"00:03:34";"79.39%";"66.97%"
"/tiny-avr-programmer-hookup-guide/";"Tiny AVR Programmer Hookup Guide - learn.sparkfun.com";"64,287";"53,552";"00:03:29";"73.72%";"62.76%"
"/what-is-electricity/";"What is Electricity? - learn.sparkfun.com";"59,845";"51,084";"00:04:45";"81.84%";"74.43%"
"/capacitors/";"Capacitors - learn.sparkfun.com";"55,403";"49,110";"00:06:20";"81.12%";"73.72%"
"/logic-levels/";"Logic Levels - learn.sparkfun.com";"55,279";"49,357";"00:03:01";"80.31%";"71.43%"
"/how-to-use-a-breadboard/";"How to Use a Breadboard - learn.sparkfun.com";"53,799";"48,987";"00:03:19";"76.51%";"70.18%"
"/bluetooth-basics/";"Bluetooth Basics - learn.sparkfun.com";"53,182";"46,519";"00:03:29";"78.62%";"61.02%"
"/analog-vs-digital/";"Analog vs. Digital - learn.sparkfun.com";"51,701";"43,681";"00:02:50";"73.96%";"67.06%"
"/pushing-data-to-datasparkfuncom/";"Pushing Data to Data.SparkFun.com - learn.sparkfun.com";"51,701";"43,434";"00:03:17";"70.74%";"57.52%"
"/pro-micro--fio-v3-hookup-guide/";"Pro Micro & Fio v3 Hookup Guide - learn.sparkfun.com";"51,454";"42,447";"00:03:07";"66.48%";"49.16%"
"/esp8266-thing-development-board-hookup-guide/";"ESP8266 Thing Development Board Hookup Guide - learn.sparkfun.com";"49,974";"36,401";"00:02:18";"56.26%";"25.19%"
"/assembly-guide-for-redbot-with-shadow-chassis/";"Assembly Guide for RedBot with Shadow Chassis - learn.sparkfun.com";"49,850";"31,465";"00:03:09";"30.44%";"12.38%"
"/galileo-getting-started-guide/";"Galileo Getting Started Guide - learn.sparkfun.com";"48,740";"37,141";"00:03:15";"50.00%";"35.19%"
"/what-is-a-circuit/";"What is a Circuit? - learn.sparkfun.com";"48,740";"43,804";"00:05:08";"82.47%";"75.70%"
"/voltage-current-resistance-and-ohms-law/";"Voltage, Current, Resistance, and Ohm's Law - learn.sparkfun.com";"47,506";"42,447";"00:02:46";"71.84%";"54.54%"
"/alternating-current-ac-vs-direct-current-dc/";"Alternating Current (AC) vs. Direct Current (DC) - learn.sparkfun.com";"45,285";"38,128";"00:03:32";"79.34%";"68.67%"
"/ws2812-breakout-hookup-guide/";"WS2812 Breakout Hookup Guide - learn.sparkfun.com";"44,298";"35,043";"00:01:35";"69.49%";"29.53%"
"/series-and-parallel-circuits/";"Series and Parallel Circuits - learn.sparkfun.com";"43,310";"38,005";"00:01:26";"82.74%";"65.53%"
"/using-eagle-schematic/";"Using EAGLE: Schematic - learn.sparkfun.com";"43,187";"36,524";"00:04:19";"54.55%";"46.57%"
"/voltage-dividers/";"Voltage Dividers - learn.sparkfun.com";"41,706";"37,388";"00:00:59";"34.87%";"40.24%"
"/integrated-circuits/";"Integrated Circuits - learn.sparkfun.com";"39,609";"31,341";"00:02:53";"73.50%";"63.86%"
"/how-to-use-an-oscilloscope/";"How to Use an Oscilloscope - learn.sparkfun.com";"38,992";"35,290";"00:03:54";"82.94%";"62.66%"
"/alternative-arduino-interfaces/";"Alternative Arduino Interfaces - learn.sparkfun.com";"35,660";"23,444";"00:03:08";"59.40%";"50.52%"
"/logicblocks-experiment-guide/";"LogicBlocks Experiment Guide - learn.sparkfun.com";"34,180";"29,861";"00:02:32";"85.78%";"77.98%"
"/pocket-avr-programmer-hookup-guide/";"Pocket AVR Programmer Hookup Guide - learn.sparkfun.com";"32,699";"25,789";"00:04:02";"61.72%";"51.70%"
"/bmp180-barometric-pressure-sensor-hookup-/";"BMP180 Barometric Pressure Sensor Hookup - learn.sparkfun.com";"32,205";"26,899";"00:03:08";"64.23%";"54.41%"
"/galileo-experiment-guide/";"Galileo Experiment Guide - learn.sparkfun.com";"32,082";"23,815";"00:05:13";"59.68%";"48.85%"
"/gyroscope/";"Gyroscope - learn.sparkfun.com";"31,712";"24,555";"00:02:35";"67.14%";"51.75%"
"/analog-to-digital-conversion/";"Analog to Digital Conversion - learn.sparkfun.com";"30,971";"27,640";"00:03:04";"73.99%";"66.14%"
"/photon-development-guide/";"Photon Development Guide - learn.sparkfun.com";"30,971";"25,912";"00:01:46";"62.86%";"25.50%"
"/connecting-arduino-to-processing/";"Connecting Arduino to Processing - learn.sparkfun.com";"30,601";"24,061";"00:03:43";"60.95%";"43.95%"
"/how-to-read-a-schematic/";"How to Read a Schematic - learn.sparkfun.com";"29,367";"25,912";"00:01:25";"85.63%";"71.43%"
"/pull-up-resistors/";"Pull-up Resistors - learn.sparkfun.com";"29,120";"26,159";"00:04:57";"82.20%";"76.27%"
"/tags/";"Arduino | Tutorials - learn.sparkfun.com";"29,120";"24,185";"00:00:37";"65.45%";"27.97%"
"/installing-an-arduino-bootloader/";"Installing an Arduino Bootloader - learn.sparkfun.com";"28,997";"21,840";"00:03:17";"63.39%";"45.53%"
"/xbee-shield-hookup-guide/";"XBee Shield Hookup Guide - learn.sparkfun.com";"28,997";"24,555";"00:04:37";"57.50%";"49.36%"
"/pro-micro--fio-v3-hookup-guide/";"Pro Micro & Fio V3 Hookup Guide - learn.sparkfun.com";"28,503";"23,568";"00:03:11";"71.82%";"53.25%"
"/programming-the-pcduino/";"Programming the pcDuino - learn.sparkfun.com";"28,503";"25,665";"00:03:47";"77.91%";"70.13%"
"/sparkfun-inventors-kit-for-photon-experiment-guide/";"SparkFun Inventor's Kit for Photon Experiment Guide - learn.sparkfun.com";"27,393";"23,321";"00:02:24";"62.26%";"31.08%"
"/arduino-shields/";"Arduino Shields - learn.sparkfun.com";"25,542";"20,236";"00:01:37";"65.22%";"35.75%"
"/gps-basics/";"GPS Basics - learn.sparkfun.com";"24,432";"20,730";"00:02:31";"63.36%";"50.00%"
"/obd-ii-uart-hookup-guide/";"OBD II Uart Hookup Guide - learn.sparkfun.com";"24,432";"17,522";"00:03:43";"69.81%";"52.53%"
"/tags/";"Edison | Tutorials - learn.sparkfun.com";"24,308";"19,372";"00:01:30";"31.57%";"17.26%"
"/using-the-serial-7-segment-display/";"Using the Serial 7-Segment Display - learn.sparkfun.com";"22,951";"18,262";"00:01:31";"71.74%";"28.50%"
"/mbed-starter-kit-experiment-guide/";"mbed Starter Kit Experiment Guide - learn.sparkfun.com";"22,457";"17,768";"00:04:32";"63.89%";"41.21%"
"/serial-peripheral-interface-spi/";"Serial Peripheral Interface (SPI) - learn.sparkfun.com";"21,964";"18,756";"00:03:12";"74.17%";"64.05%"
"/tags/";"Concepts | Tutorials - learn.sparkfun.com";"21,347";"15,301";"00:00:49";"19.94%";"8.67%"
"/how-to-solder---through-hole-soldering/";"How to Solder - Through-hole Soldering - learn.sparkfun.com";"20,853";"17,028";"00:03:14";"73.34%";"52.07%"
"/exploring-xbees-and-xctu/";"Exploring XBees and XCTU - learn.sparkfun.com";"20,360";"16,041";"00:05:55";"59.73%";"50.91%"
"/installing-arduino-ide/";"Installing Arduino IDE - learn.sparkfun.com";"19,743";"16,041";"00:05:05";"69.23%";"70.00%"
"/h2ohno/";"H2OhNo! - learn.sparkfun.com";"19,372";"17,892";"00:03:48";"38.74%";"50.95%"
"/tags/";"Start a Project | Tutorials - learn.sparkfun.com";"19,126";"15,794";"00:01:31";"0.00%";"11.61%"
"/redbot-assembly-guide-rev-02/";"RedBot Assembly Guide Rev 02 - learn.sparkfun.com";"18,015";"13,326";"00:02:04";"45.47%";"12.33%"
"/digital-sandbox-experiment-guide/";"Digital Sandbox Experiment Guide - learn.sparkfun.com";"17,398";"14,560";"00:02:27";"57.90%";"34.75%"
"/stepoko-powered-by-grbl-hookup-guide/";"Stepoko: Powered by grbl Hookup Guide - learn.sparkfun.com";"17,275";"13,573";"00:00:52";"69.26%";"10.71%"
"/how-to-install-and-setup-eagle/";"How to Install and Setup EAGLE - learn.sparkfun.com";"16,534";"12,709";"00:02:48";"58.61%";"50.00%"
"/i2c/";"I2C - learn.sparkfun.com";"16,288";"14,190";"00:03:25";"70.59%";"52.27%"
"/pulse-width-modulation/";"Pulse-width Modulation - learn.sparkfun.com";"14,313";"13,080";"00:01:30";"86.02%";"81.04%"
"/samd21-minidev-breakout-hookup-guide/";"SAMD21 Mini/Dev Breakout Hookup Guide - learn.sparkfun.com";"13,696";"11,722";"00:02:39";"56.28%";"28.83%"
"/using-pcduinos-wifi-dongle-with-the-pi/";"Using pcDuino's WiFi Dongle With the Pi - learn.sparkfun.com";"13,696";"12,216";"00:04:11";"87.10%";"83.78%"
"/sparkfun-inventors-kit-for-microview/";"SparkFun Inventor's Kit for MicroView - learn.sparkfun.com";"13,326";"10,612";"00:01:22";"75.02%";"21.30%"
"/designing-pcbs-advanced-smd/";"Designing PCBs: Advanced SMD - learn.sparkfun.com";"13,203";"10,612";"00:02:33";"59.62%";"43.92%"
"/digital-sandbox-arduino-companion/";"Digital Sandbox Arduino Companion - learn.sparkfun.com";"13,203";"9,748";"00:02:32";"82.14%";"31.77%"
"/sparkfun-inventors-kit-for-redbot/";"SparkFun Inventor's Kit for RedBot - learn.sparkfun.com";"13,203";"10,982";"00:02:33";"75.00%";"47.66%"
"/pcb-basics/";"PCB Basics - learn.sparkfun.com";"12,956";"11,352";"00:01:23";"76.05%";"68.57%"
"/ir-communication/";"IR Communication - learn.sparkfun.com";"12,709";"10,858";"00:03:15";"70.15%";"57.28%"
"/tags/";"Raspberry Pi | Tutorials - learn.sparkfun.com";"11,352";"8,761";"00:01:09";"62.50%";"38.05%"
"/using-the-arduino-pro-mini-33v/";"Using the Arduino Pro Mini 3.3V - learn.sparkfun.com";"11,352";"9,254";"00:04:11";"59.18%";"43.48%"
"/what-is-an-arduino/";"What is an Arduino? - learn.sparkfun.com";"11,352";"10,242";"00:04:06";"80.36%";"57.61%"
"/electric-imp-breakout-hookup-guide/";"Electric Imp Breakout Hookup Guide - learn.sparkfun.com";"10,612";"8,637";"00:01:44";"65.22%";"32.56%"
"/tags/";"Electrical Engineering | Tutorials - learn.sparkfun.com";"10,612";"8,637";"00:00:43";"55.00%";"38.37%"
"/xbee-wifi-hookup-guide/";"XBee WiFi Hookup Guide - learn.sparkfun.com";"9,995";"7,650";"00:05:16";"41.93%";"35.80%"
"/photon-weather-shield-hookup-guide/";"Photon Weather Shield Hookup Guide - learn.sparkfun.com";"9,625";"8,144";"00:02:32";"61.91%";"33.33%"
"/experiment-guide-for-redbot-with-shadow-chassis/";"Experiment Guide for RedBot with Shadow Chassis - learn.sparkfun.com";"9,378";"7,774";"00:02:37";"55.54%";"28.95%"
"/tags/";"Eagle | Tutorials - learn.sparkfun.com";"9,131";"5,923";"00:01:06";"9.53%";"9.46%"
"/connecting-arduino-to-processing/";"Discuss Tutorial: Connecting Arduino to Processing - learn.sparkfun.com";"9,008";"8,637";"00:08:06";"86.66%";"82.19%"
"/mpr121-hookup-guide/";"MPR121 Hookup Guide - learn.sparkfun.com";"9,008";"6,910";"00:01:21";"9.97%";"19.17%"
"/lsm9ds0-hookup-guide/";"LSM9DS0 Hookup Guide - learn.sparkfun.com";"8,637";"7,404";"00:03:00";"66.67%";"51.43%"
"/midi-tutorial/";"MIDI Tutorial - learn.sparkfun.com";"8,514";"8,144";"00:01:53";"83.32%";"30.43%"
"/binary/";"Binary - learn.sparkfun.com";"7,897";"7,033";"00:03:33";"85.44%";"85.94%"
"/redboard-hookup-guide/";"RedBoard Hookup Guide - learn.sparkfun.com";"7,650";"5,923";"00:00:47";"18.74%";"17.74%"
"/graphic-lcd-hookup-guide/";"Graphic LCD Hookup Guide - learn.sparkfun.com";"7,527";"5,799";"00:04:56";"74.20%";"57.38%"
"/mma8452q-accelerometer-breakout-hookup-guide/";"MMA8452Q Accelerometer Breakout Hookup Guide - learn.sparkfun.com";"7,280";"5,306";"00:02:08";"44.46%";"23.72%"
"/cc3000-hookup-guide/";"CC3000 Hookup Guide - learn.sparkfun.com";"7,157";"4,689";"00:02:52";"59.08%";"31.03%"
"/simblee-concepts/";"Simblee Concepts - learn.sparkfun.com";"7,157";"6,046";"00:02:19";"74.90%";"17.24%"
"/esp8266-thing-hookup-guide/";"Discuss Tutorial: ESP8266 Thing Hookup Guide - learn.sparkfun.com";"7,033";"5,799";"00:06:08";"61.12%";"63.16%"
"/esp8266-wifi-shield-hookup-guide/";"ESP8266 WiFi Shield Hookup Guide - learn.sparkfun.com";"7,033";"6,787";"00:04:09";"74.36%";"64.91%"
"/ir-control-kit-hookup-guide/";"IR Control Kit Hookup Guide - learn.sparkfun.com";"7,033";"5,553";"00:01:34";"66.68%";"38.60%"
"/led-cloud-connected-cloud/";"LED Cloud-Connected Cloud - learn.sparkfun.com";"7,033";"5,676";"00:03:26";"81.48%";"54.39%"
"/setting-up-raspbian-and-doom/";"Setting up Raspbian (and DOOM!) - learn.sparkfun.com";"6,910";"5,923";"00:07:18";"84.78%";"80.36%"
"/tags/";"Projects | Tutorials - learn.sparkfun.com";"6,416";"6,170";"00:01:24";"100.00%";"21.15%"
"/electronics-assembly/";"Electronics Assembly - learn.sparkfun.com";"6,293";"5,553";"00:02:26";"69.23%";"62.75%"
"/serial-graphic-lcd-hookup/";"Serial Graphic LCD Hookup - learn.sparkfun.com";"6,046";"4,195";"00:03:48";"66.76%";"22.44%"
"/tags/";"Internet of Things | Tutorials - learn.sparkfun.com";"6,046";"5,429";"00:02:33";"68.56%";"61.23%"
"/digital-logic/";"Digital Logic - learn.sparkfun.com";"5,676";"5,059";"00:02:34";"91.99%";"58.70%"
"/using-github-to-share-with-sparkfun/";"Using GitHub to Share with SparkFun - learn.sparkfun.com";"5,676";"5,429";"00:04:34";"84.22%";"80.43%"
"/sparkfun-inventors-kit-for-edison-experiment-guide/";"SparkFun Inventor's Kit for Edison Experiment Guide - learn.sparkfun.com";"5,553";"4,812";"00:02:19";"63.67%";"31.10%"
"/oled-display-hookup-guide/";"OLED Display Hookup Guide - learn.sparkfun.com";"5,429";"3,702";"00:00:45";"0.00%";"6.82%"
"/badgerhack/";"BadgerHack - learn.sparkfun.com";"5,306";"4,689";"00:01:10";"50.05%";"34.89%"
"/hexadecimal/";"Hexadecimal - learn.sparkfun.com";"5,306";"4,319";"00:04:44";"88.88%";"58.14%"
"/battery-technologies/";"Battery Technologies - learn.sparkfun.com";"5,182";"4,936";"00:01:10";"84.38%";"78.58%"
"/let-it-glow-holiday-cards/";"Let It Glow Holiday Cards - learn.sparkfun.com";"5,059";"2,468";"00:01:02";"50.00%";"9.76%"
"/loading-debian-ubilinux-on-the-edison/";"Discuss Tutorial: Loading Debian (Ubilinux) on the Edison - learn.sparkfun.com";"4,936";"3,949";"00:05:56";"84.22%";"62.50%"
"/mp3-player-shield-hookup/";"MP3 Player Shield Hookup - learn.sparkfun.com";"4,936";"3,085";"00:04:37";"39.98%";"32.50%"
"/getting-started-with-the-redbot/";"Getting Started with the RedBot - learn.sparkfun.com";"4,812";"3,949";"00:00:56";"61.53%";"33.33%"
"/tags/";"E-Textiles | Tutorials - learn.sparkfun.com";"4,812";"3,702";"00:01:08";"57.16%";"35.89%"
"/tsl2561-luminosity-sensor-hookup-guide/";"TSL2561 Luminosity Sensor Hookup Guide - learn.sparkfun.com";"4,812";"4,195";"00:03:34";"85.70%";"66.67%"
"/light/";"Light - learn.sparkfun.com";"4,689";"3,825";"00:03:11";"71.99%";"63.15%"
"/arduino-comparison-guide/";"Arduino Comparison Guide - learn.sparkfun.com";"4,565";"3,949";"00:02:24";"67.84%";"59.47%"
"/led-light-bar-hookup/";"LED Light Bar Hookup - learn.sparkfun.com";"4,565";"4,319";"00:02:06";"73.07%";"62.17%"
"/tags/";"LilyPad | Tutorials - learn.sparkfun.com";"4,565";"3,455";"00:01:09";"44.44%";"35.14%"
"/pcduino-hookup-guide/";"pcDuino Hookup Guide - learn.sparkfun.com";"4,442";"3,825";"00:02:13";"66.68%";"63.89%"
"/light-emitting-diodes-leds/";"Light-emitting Diodes (LEDs) - learn.sparkfun.com";"4,319";"2,591";"00:01:58";"50.05%";"22.85%"
"/blynk-board-project-guide/";"Blynk Board Project Guide - learn.sparkfun.com";"4,072";"3,825";"00:01:26";"100.00%";"21.22%"
"/rn-52-bluetooth-hookup-guide/";"RN-52 Bluetooth Hookup Guide - learn.sparkfun.com";"3,825";"3,208";"00:01:45";"37.49%";"29.05%"
"/tags/";"Single Board Computer | Tutorials - learn.sparkfun.com";"3,825";"3,455";"00:02:48";"81.26%";"48.39%"
"/make-your-own-fritzing-parts/";"Make Your Own Fritzing Parts - learn.sparkfun.com";"3,702";"3,208";"00:05:03";"75.00%";"63.32%"
"/tags/";"Components | Tutorials - learn.sparkfun.com";"3,702";"3,085";"00:00:56";"9.97%";"16.67%"
"/photon-oled-shield-hookup-guide/";"Photon OLED Shield Hookup Guide - learn.sparkfun.com";"3,332";"1,974";"00:02:08";"19.94%";"14.83%"
"/weather-station-wirelessly-connected-to-wunderground/";"Weather Station Wirelessly Connected to Wunderground - learn.sparkfun.com";"3,332";"2,838";"00:02:43";"70.59%";"59.24%"
"/light-up-fathers-day-card/";"Light-Up Father's Day Card - learn.sparkfun.com";"3,208";"2,221";"00:00:39";"76.45%";"53.83%"
"/wifly-shield-hookup-guide/";"WiFly Shield Hookup Guide - learn.sparkfun.com";"3,208";"2,591";"00:05:08";"60.02%";"57.70%"
"/edison-getting-started-guide/";"Edison Getting Started Guide - learn.sparkfun.com";"3,085";"1,974";"00:01:04";"50.00%";"11.99%"
"/htu21d-humidity-sensor-hookup-guide/";"HTU21D Humidity Sensor Hookup Guide - learn.sparkfun.com";"3,085";"2,344";"00:02:18";"50.03%";"36.01%"
"/how-to-power-a-project/";"How to Power a Project - learn.sparkfun.com";"2,838";"2,715";"00:01:18";"83.32%";"52.18%"
"/tags/";"Sensors | Tutorials - learn.sparkfun.com";"2,838";"2,468";"00:00:50";"66.76%";"17.41%"
"/wireless-arduino-programming-with-electric-imp/";"Wireless Arduino Programming with Electric Imp - learn.sparkfun.com";"2,838";"2,591";"00:03:03";"88.23%";"82.59%"
"/how-to-sell-your-widget-on-sparkfun/";"How to Sell Your Widget on SparkFun - learn.sparkfun.com";"2,715";"1,851";"00:02:57";"0.00%";"18.20%"
"/redboard-vs-uno/";"RedBoard vs. Uno - learn.sparkfun.com";"2,715";"2,468";"00:00:16";"78.58%";"72.71%"
"/sound-detector-hookup-guide/";"Sound Detector Hookup Guide - learn.sparkfun.com";"2,715";"2,344";"00:01:35";"66.76%";"40.92%"
"/";"Tutorials - learn.sparkfun.com";"2,591";"2,344";"00:01:28";"33.36%";"38.09%"
"/elastolite-hookup-guide/";"ELastoLite Hookup Guide - learn.sparkfun.com";"2,591";"1,851";"00:03:55";"0.00%";"19.07%"
"/how-leds-are-made/";"How LEDs are Made - learn.sparkfun.com";"2,591";"2,344";"00:00:52";"88.88%";"90.47%"
"/understanding-the-bc127-bluetooth-module/";"Understanding the BC127 Bluetooth Module - learn.sparkfun.com";"2,591";"2,468";"00:04:14";"61.53%";"52.37%"
"/using-the-logic-level-converter/";"Using the Logic Level Converter - learn.sparkfun.com";"2,591";"1,974";"00:00:59";"61.53%";"52.37%"
"/vernier-shield-hookup-guide/";"Vernier Shield Hookup Guide - learn.sparkfun.com";"2,591";"2,098";"00:00:33";"83.32%";"57.16%"
"/galileo-unread-email-counter/";"Galileo Unread Email Counter - learn.sparkfun.com";"2,468";"2,098";"00:02:19";"73.31%";"69.98%"
"/dotbar-display-driver-hookup-guide/";"Dot/Bar Display Driver Hookup Guide - learn.sparkfun.com";"2,344";"1,974";"00:02:40";"71.41%";"52.65%"
"/leap-motion-teardown/";"Leap Motion Teardown - learn.sparkfun.com";"2,344";"1,727";"00:01:03";"19.94%";"31.57%"
"/light-up-valentine-cards/";"Light-Up Valentine Cards - learn.sparkfun.com";"2,344";"1,357";"00:00:21";"33.24%";"15.78%"
"/redbot-assembly-guide/";"RedBot Assembly Guide - learn.sparkfun.com";"2,344";"2,344";"00:01:26";"33.24%";"15.78%"
"/tags/";"XBee | Tutorials - learn.sparkfun.com";"2,344";"1,727";"00:02:33";"0.00%";"5.25%"
"/cryptocape-hookup-guide/";"CryptoCape Hookup Guide - learn.sparkfun.com";"2,221";"1,234";"00:02:21";"50.05%";"33.32%"
"/ardumoto-shield-hookup-guide/";"Ardumoto Shield Hookup Guide - learn.sparkfun.com";"2,098";"1,851";"00:04:20";"70.02%";"58.82%"
"/makey-makey-advanced-guide/";"MaKey MaKey Advanced Guide - learn.sparkfun.com";"2,098";"1,974";"00:04:36";"63.67%";"58.82%"
"/micro-oled-breakout-hookup-guide/";"Micro OLED Breakout Hookup Guide - learn.sparkfun.com";"2,098";"1,604";"00:01:44";"66.61%";"47.04%"
"/cc3000-hookup-guide/";"Discuss Tutorial: CC3000 Hookup Guide - learn.sparkfun.com";"1,974";"1,851";"00:04:12";"66.61%";"62.51%"
"/loading-debian-ubilinux-on-the-edison/";"Loading Debian (Ubilinux) on the Edison - learn.sparkfun.com";"1,851";"1,604";"00:05:02";"59.97%";"39.98%"
"/tags/";"WiFi | Tutorials - learn.sparkfun.com";"1,851";"1,357";"00:00:49";"66.76%";"19.99%"
"/voltage-current-resistance-and-ohms-law/";"Discuss Tutorial: Voltage, Current, Resistance, and Ohm's Law - learn.sparkfun.com";"1,851";"1,481";"00:02:50";"50.00%";"33.33%"
"/motors-and-selecting-the-right-one/";"Motors and Selecting the Right One - learn.sparkfun.com";"1,727";"1,357";"00:09:27";"59.97%";"64.33%"
"/myst-linking-book/";"MYST Linking Book - learn.sparkfun.com";"1,727";"1,357";"00:07:23";"55.54%";"50.03%"
"/rotary-switch-potentiometer-hookup-guide/";"Rotary Switch Potentiometer Hookup Guide - learn.sparkfun.com";"1,727";"1,604";"00:00:19";"88.84%";"57.15%"
"/shapeoko-coaster-project/";"Shapeoko Coaster Project - learn.sparkfun.com";"1,727";"1,111";"00:02:38";"0.00%";"14.30%"
"/easy-driver-hook-up-guide/";"Discuss Tutorial: Easy Driver Hook-up Guide - learn.sparkfun.com";"1,604";370;"00:00:32";"0.00%";"23.07%"
"/hmc6343-3-axis-compass-hookup-guide/";"HMC6343 3-axis Compass Hookup Guide - learn.sparkfun.com";"1,604";987;"00:02:31";"0.00%";"15.40%"
"/installing-a-bootloader-on-the-microview/";"Installing a Bootloader on the MicroView - learn.sparkfun.com";"1,604";"1,481";"00:00:30";"57.18%";"46.13%"
"/load-cell-amplifier-hx711-breakout-hookup-guide/";"Discuss Tutorial: Load Cell Amplifier HX711 Breakout Hookup Guide - learn.sparkfun.com";"1,604";"1,357";"00:01:42";"55.54%";"53.87%"
"/mg2639-cellular-shield-hookup-guide/";"MG2639 Cellular Shield Hookup Guide - learn.sparkfun.com";"1,604";"1,481";"00:03:16";"77.77%";"69.26%"
"/tags/";"Wearables | Tutorials - learn.sparkfun.com";"1,604";"1,481";"00:00:24";"59.97%";"53.87%"
"/the-great-big-guide-to-paper-circuits/";"The Great Big Guide to Paper Circuits - learn.sparkfun.com";"1,604";"1,234";"00:07:51";"62.51%";"53.87%"
"/using-eagle-board-layout/";"BZZZZZZZZT - SparkFun Electronics";"1,604";370;"00:00:01";"49.80%";"23.07%"
"/adxl337-and-adxl377-accelerometer-hookup-guide/";"ADXL337 and ADXL377 Accelerometer Hookup Guide - learn.sparkfun.com";"1,481";"1,481";"00:00:39";"100.00%";"58.34%"
"/getting-started-with-the-autodriver/";"Getting Started with the AutoDriver - learn.sparkfun.com";"1,481";"1,481";"00:01:22";"80.06%";"49.97%"
"/tags/";"Skill | Tutorials - learn.sparkfun.com";"1,481";"1,481";"00:01:56";"0.00%";"16.68%"
"/accelerometer-basics/";"Accelerometer Basics - learn.sparkfun.com";"1,357";"1,357";"00:00:14";"90.94%";"90.94%"
"/crypto-shield-hookup-guide/";"Crypto Shield Hookup Guide - learn.sparkfun.com";"1,357";987;"00:07:29";"85.65%";"63.67%"
"/getting-started-with-the-lilypad-mp3-player/";"Getting Started with the LilyPad MP3 Player - learn.sparkfun.com";"1,357";"1,357";"00:01:14";"59.97%";"63.67%"
"/load-cell-amplifier-hx711-breakout-hookup-guide/";"Load Cell Amplifier HX711 Breakout Hookup Guide - learn.sparkfun.com";"1,357";"1,111";"00:05:02";"66.76%";"63.67%"
"/servo-trigger-hookup-guide/";"Servo Trigger Hookup Guide - learn.sparkfun.com";"1,357";864;"00:00:40";"66.76%";"27.27%"
"/tags/";"ATtiny | Tutorials - learn.sparkfun.com";"1,357";"1,234";"00:03:26";"28.59%";"45.47%"
"/tags/";"Programming | Tutorials - learn.sparkfun.com";"1,357";"1,234";"00:01:30";"66.76%";"18.20%"
"/tags/";"Soldering | Tutorials - learn.sparkfun.com";"1,357";987;"00:00:33";"0.00%";"18.20%"
"/rn-52-bluetooth-hookup-guide/";"Discuss Tutorial: RN-52 Bluetooth Hookup Guide - learn.sparkfun.com";"1,234";"1,111";"00:01:41";"50.00%";"40.03%"
"/sik-experiment-guide-for-arduino---v32/";"ERROR - 404 - NOT FOUND - learn.sparkfun.com";"1,234";370;"00:00:20";"0.00%";"0.00%"
"/sparkfun-blocks-for-intel-edison---arduino-block/";"SparkFun Blocks for Intel® Edison - Arduino Block - learn.sparkfun.com";"1,234";"1,111";"00:00:13";"71.41%";"50.00%"
"/tags/";"BeagleBone | Tutorials - learn.sparkfun.com";"1,234";"1,234";"00:00:25";"66.76%";"40.03%"
"/tags/";"Computer Engineering | Tutorials - learn.sparkfun.com";"1,234";"1,234";"00:01:04";"66.76%";"29.98%"
"/tags/";"Robotics | Tutorials - learn.sparkfun.com";"1,234";"1,111";"00:00:25";"33.24%";"20.02%"
"/weather-shield-hookup-guide/";"Discuss Tutorial: Weather Shield Hookup Guide - learn.sparkfun.com";"1,234";864;"00:02:43";"100.00%";"29.98%"
"/www.falstad.com/";"ERROR - 404 - NOT FOUND - learn.sparkfun.com";"1,234";987;"00:00:32";"49.80%";"40.03%"
"/(https:/";"ERROR - 404 - NOT FOUND - learn.sparkfun.com";"1,111";740;"00:00:13";"0.00%";"22.23%"
"/ad8232-heart-rate-monitor-hookup-guide/";"AD8232 Heart Rate Monitor Hookup Guide - learn.sparkfun.com";"1,111";617;"00:00:52";"49.80%";"33.30%"
"/how-to-use-a-multimeter/";"ERROR - 404 - NOT FOUND - learn.sparkfun.com";"1,111";987;"00:00:12";"85.65%";"77.77%"
"/internet-datalogging-with-arduino-and-xbee-wifi/";"Discuss Tutorial: Internet Datalogging With Arduino and XBee WiFi - learn.sparkfun.com";"1,111";987;"00:09:59";"24.90%";"44.46%"
"/ms5803-14ba-pressure-sensor-hookup-guide/";"MS5803-14BA Pressure Sensor Hookup Guide - learn.sparkfun.com";"1,111";740;"00:01:45";"0.00%";"11.07%"
"/nrf24l01-transceiver-hookup-guide/";"nRF24L01+ Transceiver Hookup Guide - learn.sparkfun.com";"1,111";987;"00:10:18";"66.76%";"66.61%"
"/rgb-panel-hookup-guide/";"RGB Panel Hookup Guide - learn.sparkfun.com";"1,111";"1,111";"00:00:01";"85.65%";"88.84%"
"/tags/";"Communication | Tutorials - learn.sparkfun.com";"1,111";617;"00:00:15";"0.00%";"11.07%"
"/tags/";"Displays | Tutorials - learn.sparkfun.com";"1,111";"1,111";"00:00:39";"0.00%";"0.00%"
"/tmp006-hookup-guide/";"TMP006 Hookup Guide - learn.sparkfun.com";"1,111";617;"00:03:01";"0.00%";"11.07%"
"/tutorials/";"ERROR - 404 - NOT FOUND - learn.sparkfun.com";"1,111";740;"00:00:13";"0.00%";"11.07%"
"/arduino-wireless-communication-via-the-electric-imp/";"Arduino Wireless Communication via the Electric Imp - learn.sparkfun.com";987;864;"00:02:46";"66.76%";"62.51%"
"/easy-driver-hook-up-guide/";"Easy Driver Hook-up Guide - learn.sparkfun.com";987;987;"00:05:37";"74.90%";"37.49%"
"/getting-started-with-the-teensy/";"Getting Started with the Teensy - learn.sparkfun.com";987;864;"00:01:23";"0.00%";"37.49%"
"/ml8511-uv-sensor-hookup-guide/";"ML8511 UV Sensor Hookup Guide - learn.sparkfun.com";987;987;"00:00:47";"100.00%";"37.49%"
"/sht15-humidity-and-temperature-sensor-hookup-guide/";"SHT15 Humidity and Temperature Sensor Hookup Guide - learn.sparkfun.com";987;740;"00:00:58";"66.76%";"37.49%"
"/tags/";"mBed | Tutorials - learn.sparkfun.com";987;864;"00:00:45";"59.97%";"37.49%"
"/tags/";"Paper Circuits | Tutorials - learn.sparkfun.com";987;864;"00:00:15";"100.00%";"12.46%"
"/tags/";"Photon | Tutorials - learn.sparkfun.com";987;740;"00:01:27";"0.00%";"12.46%"
"/using-eagle-schematic/";"Discuss Tutorial: Using EAGLE: Schematic - learn.sparkfun.com";987;987;"00:00:00";"100.00%";"100.00%"
"/atmega128rfa1-dev-board-hookup-guide/";"ATmega128RFA1 Dev Board Hookup Guide - learn.sparkfun.com";864;740;"00:01:09";"66.76%";"71.41%"
"/hackers-in-residence---hacking-mindwave-mobile/";"Hackers in Residence - Hacking MindWave Mobile - learn.sparkfun.com";864;617;"00:01:36";"0.00%";"14.24%"
"/installing-an-arduino-library/";"Installing an Arduino Library - learn.sparkfun.com";864;864;"00:00:00";"100.00%";"100.00%"
"/interactive-hanging-led-array/";"Interactive Hanging LED Array - learn.sparkfun.com";864;617;"00:02:04";"59.97%";"71.41%"
"/internet-datalogging-with-arduino-and-xbee-wifi/";"Internet Datalogging With Arduino and XBee WiFi - learn.sparkfun.com";864;617;"00:04:35";"0.00%";"42.82%"
"/itg-3200-hookup-guide/";"ITG-3200 Hookup Guide - learn.sparkfun.com";864;494;"00:03:22";"0.00%";"14.24%"
"/led-butterfly-pop-up-card/";"LED Butterfly Pop Up Card - learn.sparkfun.com";864;247;"00:01:45";"0.00%";"14.24%"
"/tags/";"Bluetooth 4.0 | Tutorials - learn.sparkfun.com";864;740;"00:00:08";"100.00%";"42.82%"
"/tags/";"ERROR - 404 - NOT FOUND - learn.sparkfun.com";864;740;"00:00:19";"0.00%";"0.00%"
"/tags/";"Hookup | Tutorials - learn.sparkfun.com";864;494;"00:03:05";"0.00%";"0.00%"
"/tags/";"Motors | Tutorials - learn.sparkfun.com";864;740;"00:00:29";"0.00%";"0.00%"
"/tags/";"Wireless | Tutorials - learn.sparkfun.com";864;740;"00:00:13";"0.00%";"14.24%"
"/using-eagle-board-layout/";"Discuss Tutorial: Using EAGLE: Board Layout - learn.sparkfun.com";864;740;"00:02:14";"49.80%";"42.82%"
"/constant-innovation-in-quality-control/";"Constant Innovation in Quality Control - learn.sparkfun.com";740;740;"00:00:52";"50.00%";"50.00%"
"/diodes/";"BZZZZZZZZT - SparkFun Electronics";740;494;"00:00:25";"0.00%";"16.62%"
"/i2c/";"Discuss Tutorial: I2C - learn.sparkfun.com";740;494;"00:00:12";"0.00%";"0.00%"
"/logomatic-hookup-guide/";"Logomatic Hookup Guide - learn.sparkfun.com";740;370;"00:00:14";"100.00%";"16.62%"
"/makey-makey-quickstart-guide/";"MaKey MaKey Quickstart Guide - learn.sparkfun.com";740;494;"00:01:52";"0.00%";"33.38%"
"/metric-prefixes-and-si-units/";"Metric Prefixes and SI Units - learn.sparkfun.com";740;370;"00:05:44";"66.76%";"50.00%"
"/pi-wedge-b-hookup-guide/";"Pi Wedge B+ Hookup Guide - learn.sparkfun.com";740;740;"00:00:00";"100.00%";"100.00%"
"/tags/";"Articles | Tutorials - learn.sparkfun.com";740;740;"00:00:34";"0.00%";"16.62%"
"/tags/";"Galileo | Tutorials - learn.sparkfun.com";740;494;"00:00:08";"49.80%";"33.38%"
"/using-github/";"Using GitHub - learn.sparkfun.com";740;370;"00:01:24";"49.80%";"33.38%"
"/apds-9960-rgb-and-gesture-sensor-hookup-guide/";"APDS-9960 RGB and Gesture Sensor Hookup Guide - learn.sparkfun.com";617;494;"00:00:57";"74.90%";"80.06%"
"/at42qt1010-capacitive-touch-breakout-hookup-guide/";"AT42QT1010 Capacitive Touch Breakout Hookup Guide - learn.sparkfun.com";617;494;"00:00:10";"0.00%";"19.94%"
"/heating-pad-hand-warmer-blanket/";"Heating Pad Hand Warmer Blanket - learn.sparkfun.com";617;247;"00:04:00";"0.00%";"0.00%"
"/how-to-use-a-multimeter/";"Discuss Tutorial: How to Use a Multimeter - learn.sparkfun.com";617;247;"00:00:06";"0.00%";"19.94%"
"/mpu-9150-hookup-guide/";"MPU-9150 Hookup Guide - learn.sparkfun.com";617;617;"00:02:48";"0.00%";"0.00%"
"/photon-battery-shield-hookup-guide/";"Photon Battery Shield Hookup Guide - learn.sparkfun.com";617;494;"00:03:48";"24.90%";"40.03%"
"/pocket-avr-programmer-hookup-guide/";"Discuss Tutorial: Pocket AVR Programmer Hookup Guide - learn.sparkfun.com";617;617;"00:01:44";"0.00%";"80.06%"
"/resistors/";"Discuss Tutorial: Resistors - learn.sparkfun.com";617;494;"00:00:36";"0.00%";"19.94%"
"/sparkfun-blocks-for-intel-edison---gpio-block/";"ERROR - 404 - NOT FOUND - learn.sparkfun.com";617;617;"00:01:13";"0.00%";"19.94%"
"/tags/";"Audio | Tutorials - learn.sparkfun.com";617;370;"00:05:47";"0.00%";"0.00%"
"/tags/";"Bluetooth | Tutorials - learn.sparkfun.com";617;617;"00:00:56";"0.00%";"0.00%"
"/tags/";"ESP8266 | Tutorials - learn.sparkfun.com";617;494;"00:06:01";"49.80%";"19.94%"
"/alternating-current-ac-vs-direct-current-dc/";"Discuss Tutorial: Alternating Current (AC) vs. Direct Current (DC) - learn.sparkfun.com";494;247;"00:00:16";"0.00%";"0.00%"
"/bubble-display-hookup-guide/";"Bubble Display Hookup Guide - learn.sparkfun.com";494;370;"00:00:02";"66.76%";"74.90%"
"/decade-resistance-box-hookup-guide/";"Decade Resistance Box Hookup Guide - learn.sparkfun.com";494;494;"00:00:00";"100.00%";"100.00%"
"/designing-pcbs-smd-footprints/";"Designing PCBs: SMD Footprints - learn.sparkfun.com";494;494;"00:00:00";"100.00%";"100.00%"
"/dungeons-and-dragons-dice-gauntlet/";"Dungeons and Dragons Dice Gauntlet - learn.sparkfun.com";494;494;"00:00:08";"74.90%";"74.90%"
"/electric-power/";"Electric Power - learn.sparkfun.com";494;370;"00:16:05";"49.80%";"74.90%"
"/freesoc2-introduction/";"FreeSoC2 Introduction - learn.sparkfun.com";494;494;"00:00:00";"100.00%";"100.00%"
"/getting-started-with-pcduino/";"ERROR - 404 - NOT FOUND - learn.sparkfun.com";494;370;"00:00:21";"66.76%";"74.90%"
"/getting-started-with-the-brickpi/";"Getting Started with the BrickPi - learn.sparkfun.com";494;494;"00:05:28";"33.24%";"24.90%"
"/ina169-breakout-board-hookup-guide/";"INA169 Breakout Board Hookup Guide - learn.sparkfun.com";494;494;"00:00:00";"100.00%";"100.00%"
"/light-up-silk-flower-corsage/";"Light Up Silk Flower Corsage - learn.sparkfun.com";494;247;"00:00:35";"0.00%";"24.90%"
"/lipo-usb-charger-hookup-guide/";"LiPo USB Charger Hookup Guide - learn.sparkfun.com";494;494;"00:00:00";"100.00%";"100.00%"
"/making-custom-footprints-in-eagle/";"Making Custom Footprints in EAGLE - learn.sparkfun.com";494;494;"00:04:17";"100.00%";"74.90%"
"/microsd-shield-and-sd-breakout-hookup-guide/";"MicroSD Shield and SD Breakout Hookup Guide - learn.sparkfun.com";494;370;"00:07:48";"66.76%";"74.90%"
"/pi-wedge-hookup-guide/";"Pi Wedge Hookup Guide - learn.sparkfun.com";494;370;"00:00:35";"0.00%";"24.90%"
"/protosnap-lilypad-development-simple-hookup-guide/";"ProtoSnap LilyPad Development Simple Hookup Guide - learn.sparkfun.com";494;494;"00:04:03";"66.76%";"50.00%"
"/raspberry-pi-twitter-monitor/";"Raspberry Pi Twitter Monitor - learn.sparkfun.com";494;494;"00:00:00";"100.00%";"100.00%"
"/redbot-sensor---wheel-encoder/";"RedBot Sensor - Wheel Encoder - learn.sparkfun.com";494;370;"00:05:38";"66.76%";"74.90%"
"/serial-communication/";"Discuss Tutorial: Serial Communication - learn.sparkfun.com";494;494;"00:00:07";"0.00%";"24.90%"
"/sewing-with-conductive-thread/";"Sewing with Conductive Thread - learn.sparkfun.com";494;370;"00:00:29";"49.80%";"50.00%"
"/single-board-computer-benchmarks/";"Discuss Tutorial: Single Board Computer Benchmarks - learn.sparkfun.com";494;494;"00:00:18";"100.00%";"74.90%"
"/soil-moisture-sensor-hookup-guide/";"Discuss Tutorial: Soil Moisture Sensor Hookup Guide - learn.sparkfun.com";494;247;"00:01:18";"0.00%";"50.00%"
"/tags/";"Digital Sandbox | Tutorials - learn.sparkfun.com";494;247;"00:00:22";"0.00%";"0.00%"
"/tags/";"Electric Imp | Tutorials - learn.sparkfun.com";494;494;"00:02:54";"74.90%";"74.90%"
"/tags/";"GPS | Tutorials - learn.sparkfun.com";494;370;"00:01:16";"0.00%";"0.00%"
"/tags/";"LEDs | Tutorials - learn.sparkfun.com";494;370;"00:04:57";"100.00%";"50.00%"
"/tags/";"pcDuino | Tutorials - learn.sparkfun.com";494;494;"00:00:04";"49.80%";"50.00%"
"/tags/";"Physics | Tutorials - learn.sparkfun.com";494;494;"00:00:17";"100.00%";"24.90%"
"/tags/";"Scratch | Tutorials - learn.sparkfun.com";494;370;"00:00:25";"0.00%";"24.90%"
"/tags/";"Shields | Tutorials - learn.sparkfun.com";494;123;"00:00:20";"0.00%";"0.00%"
"/tags/";"Technology | Tutorials - learn.sparkfun.com";494;494;"00:00:33";"0.00%";"24.90%"
"/teardown-misfit-shine/";"Teardown: Misfit Shine Activity Tracker - learn.sparkfun.com";494;494;"00:02:37";"66.76%";"50.00%"
"/weather-shield-hookup-guide/";"Weather Shield Hookup Guide - learn.sparkfun.com";494;370;"00:02:37";"0.00%";"0.00%"
"/weather-station-wirelessly-connected-to-wunderground/";"Discuss Tutorial: Weather Station Wirelessly Connected to Wunderground - learn.sparkfun.com";494;494;"00:09:21";"0.00%";"50.00%"
"/xbee-shield-hookup-guide/";"Discuss Tutorial: XBee Shield Hookup Guide - learn.sparkfun.com";494;370;"00:00:59";"0.00%";"24.90%"
"/bc118-ble-mate-2-hookup-guide/";"BC118 BLE Mate 2 Hookup Guide - learn.sparkfun.com";370;247;"00:02:47";"0.00%";"66.76%"
"/bi-directional-logic-level-converter-hookup-guide/";"Bi-Directional Logic Level Converter Hookup Guide - learn.sparkfun.com";370;370;"00:00:00";"0.00%";"100.00%"
"/big-easy-driver-hookup-guide/";"Big Easy Driver Hookup Guide - learn.sparkfun.com";370;370;"00:01:31";"0.00%";"33.24%"
"/binary-blaster-assembly-guide/";"Binary Blaster Assembly Guide - learn.sparkfun.com";370;247;"00:03:22";"49.80%";"66.76%"
"/bus-pirate-v36a-hookup-guide/";"Bus Pirate v3.6a Hookup Guide - learn.sparkfun.com";370;247;"00:00:57";"0.00%";"33.24%"
"/cp2102-usb-to-serial-converter-hook-up-guide/";"CP2102 USB to Serial Converter Hook-Up Guide - learn.sparkfun.com";370;370;"00:00:00";"100.00%";"100.00%"
"/discrete-semiconductor-kit-identification-guide/";"Discrete Semiconductor Kit Identification Guide - learn.sparkfun.com";370;247;"00:28:54";"49.80%";"66.76%"
"/electric-power/";"Discuss Tutorial: Electric Power - learn.sparkfun.com";370;247;"00:00:49";"0.00%";"0.00%"
"/getting-started-with-the-redbot/";"Discuss Tutorial: Getting Started with the RedBot - learn.sparkfun.com";370;370;"00:00:00";"100.00%";"100.00%"
"/how-to-use-a-multimeter/";"BZZZZZZZZT - SparkFun Electronics";370;370;"00:14:36";"49.80%";"66.76%"
"/installing-an-arduino-bootloader/";"Discuss Tutorial: Installing an Arduino Bootloader - learn.sparkfun.com";370;370;"00:00:02";"49.80%";"66.76%"
"/ir-communication/";"Discuss Tutorial: IR Communication - learn.sparkfun.com";370;370;"00:00:16";"0.00%";"0.00%"
"/logicblocks--digital-logic-introduction/";"LogicBlocks & Digital Logic Introduction - learn.sparkfun.com";370;370;"00:00:00";"100.00%";"100.00%"
"/logomatic-hookup-guide/";"Discuss Tutorial: Logomatic Hookup Guide - learn.sparkfun.com";370;247;"00:00:17";"0.00%";"0.00%"
"/metawatch-teardown-and-arduino-hookup/";"MetaWatch Teardown and Arduino Hookup - learn.sparkfun.com";370;370;"00:15:21";"49.80%";"33.24%"
"/midi-shield-hookup-guide/";"MIDI Shield Hookup Guide - learn.sparkfun.com";370;370;"00:00:00";"100.00%";"100.00%"
"/mp3-player-shield-music-box/";"MP3 Player Shield Music Box - learn.sparkfun.com";370;370;"00:00:00";"100.00%";"100.00%"
"/mpl3115a2-pressure-sensor-hookup-guide/";"Discuss Tutorial: MPL3115A2 Pressure Sensor Hookup Guide - learn.sparkfun.com";370;247;"00:00:50";"0.00%";"0.00%"
"/mpl3115a2-pressure-sensor-hookup-guide/";"MPL3115A2 Pressure Sensor Hookup Guide - learn.sparkfun.com";370;370;"00:21:38";"100.00%";"66.76%"
"/mpu-9150-hookup-guide/";"Discuss Tutorial: MPU-9150 Hookup Guide - learn.sparkfun.com";370;123;"00:04:48";"0.00%";"0.00%"
"/nest-protect-teardown/";"Nest Protect Teardown - learn.sparkfun.com";370;370;"00:29:23";"66.76%";"66.76%"
"/nest-thermostat-teardown-/";"Nest Thermostat Teardown - learn.sparkfun.com";370;247;"00:00:14";"49.80%";"66.76%"
"/pcb-basics/";"Discuss Tutorial: PCB Basics - learn.sparkfun.com";370;247;"00:00:09";"0.00%";"0.00%"
"/photon-redboard-hookup-guide/";"Photon RedBoard Hookup Guide - learn.sparkfun.com";370;247;"00:00:42";"0.00%";"33.24%"
"/pro-micro--fio-v3-hookup-guide/";"Discuss Tutorial: Pro Micro & Fio V3 Hookup Guide - learn.sparkfun.com";370;247;"00:02:37";"0.00%";"33.24%"
"/pull-up-resistors/";"Discuss Tutorial: Pull-up Resistors - learn.sparkfun.com";370;370;"00:00:04";"100.00%";"66.76%"
"/si4707-hookup-guide/";"Si4707 Hookup Guide - learn.sparkfun.com";370;123;"00:07:14";"0.00%";"33.24%"
"/simon-tilts-assembly-guide/";"Simon Tilts Assembly Guide - learn.sparkfun.com";370;370;"00:00:00";"100.00%";"100.00%"
"/single-board-computer-benchmarks/";"Single Board Computer Benchmarks - learn.sparkfun.com";370;247;"00:01:31";"0.00%";"0.00%"
"/sparkfun-blocks-for-intel-edison---battery-block/";"SparkFun Blocks for Intel® Edison - Battery Block - learn.sparkfun.com";370;247;"00:00:47";"49.80%";"66.76%"
"/sparkfun-blocks-for-intel-edison---gpio-block/";"SparkFun Blocks for Intel® Edison - GPIO Block - learn.sparkfun.com";370;370;"00:00:00";"100.00%";"100.00%"
"/sparkpunk-hookup-guide/";"SparkPunk Hookup Guide - learn.sparkfun.com";370;370;"00:05:40";"66.76%";"66.76%"
"/tags/";"Biometrics | Tutorials - learn.sparkfun.com";370;370;"00:00:10";"100.00%";"33.24%"
"/tags/";"BLE | Tutorials - learn.sparkfun.com";370;370;"00:00:10";"0.00%";"0.00%"
"/tags/";"E-Craft | Tutorials - learn.sparkfun.com";370;370;"00:00:17";"0.00%";"0.00%"
"/tags/";"Hackers in Residence | Tutorials - learn.sparkfun.com";370;370;"00:00:14";"0.00%";"33.24%"
"/tags/";"Processing | Tutorials - learn.sparkfun.com";370;370;"00:00:20";"0.00%";"0.00%"
"/tags/";"Security | Tutorials - learn.sparkfun.com";370;370;"00:00:24";"0.00%";"0.00%"
"/using-opensegment/";"Using OpenSegment - learn.sparkfun.com";370;370;"00:00:00";"100.00%";"100.00%"
"/using-the-serial-7-segment-display/";"Discuss Tutorial: Using the Serial 7-Segment Display - learn.sparkfun.com";370;247;"00:00:15";"0.00%";"0.00%"
"/voltage-dividers/";"Discuss Tutorial: Voltage Dividers - learn.sparkfun.com";370;247;"00:00:02";"100.00%";"33.24%"
"/wake-on-shake-hookup-guide/";"Wake-on-Shake Hookup Guide - learn.sparkfun.com";370;370;"00:01:12";"100.00%";"33.24%"
"/what-is-electricity/";"Discuss Tutorial: What is Electricity? - learn.sparkfun.com";370;370;"00:00:49";"0.00%";"0.00%"
"/zx-distance-and-gesture-sensor-hookup-guide/";"ZX Distance and Gesture Sensor Hookup Guide - learn.sparkfun.com";370;370;"00:04:28";"100.00%";"66.76%"
"/assembly-guide-for-redbot-with-shadow-chassis/";"ERROR - 404 - NOT FOUND - learn.sparkfun.com";247;247;"00:01:03";"0.00%";"0.00%"
"/capacitors/";"Discuss Tutorial: Capacitors - learn.sparkfun.com";247;247;"00:00:14";"100.00%";"49.80%"
"/copernicus-ii-hookup-guide/";"Copernicus II Hookup Guide - learn.sparkfun.com";247;247;"00:00:05";"0.00%";"0.00%"
"/digitalsandbox-picoboard/";"DigitalSandbox PicoBoard - learn.sparkfun.com";247;247;"00:00:16";"0.00%";"49.80%"
"/exploring-xbees-and-xctu/";"Discuss Tutorial: Exploring XBees and XCTU - learn.sparkfun.com";247;247;"00:08:29";"100.00%";"49.80%"
"/galileo-getting-started-guide/";"Discuss Tutorial: Galileo Getting Started Guide - learn.sparkfun.com";247;247;"00:00:09";"100.00%";"49.80%"
"/getting-started-with-load-cells/";"Getting Started with Load Cells - learn.sparkfun.com";247;247;"00:00:00";"100.00%";"100.00%"
"/getting-started-with-minimoto/";"ERROR - 404 - NOT FOUND - learn.sparkfun.com";247;247;"00:00:17";"49.80%";"49.80%"
"/getting-started-with-obd-ii/";"Getting Started with OBD-II - learn.sparkfun.com";247;247;"00:00:00";"100.00%";"100.00%"
"/getting-started-with-the-tsl2561-luminosity-sensor/";"ERROR - 404 - NOT FOUND - learn.sparkfun.com";247;123;"00:00:13";"0.00%";"0.00%"
"/hackers-in-residence---sound-and-motion-reactivity-for-wearables/";"Hackers in Residence - Sound and Motion Reactivity for Wearables - learn.sparkfun.com";247;247;"00:00:16";"49.80%";"49.80%"
"/hackers-in-residence---the-tethered-quad/";"Hackers In Residence - The Tethered Quad - learn.sparkfun.com";247;247;"00:00:00";"100.00%";"100.00%"
"/hacking-your-maker-faire-badge/";"Hacking Your Maker Faire Badge - learn.sparkfun.com";247;247;"00:02:39";"100.00%";"49.80%"
"/how-lithium-polymer-batteries-are-made/";"How Lithium Polymer Batteries are Made - learn.sparkfun.com";247;247;"00:01:35";"100.00%";"49.80%"
"/how-to-install-ftdi-drivers/";"Discuss Tutorial: How to Install FTDI Drivers - learn.sparkfun.com";247;247;"00:00:13";"0.00%";"0.00%"
"/how-to-install-ftdi-drivers/";"ERROR - 404 - NOT FOUND - learn.sparkfun.com";247;247;"00:00:11";"0.00%";"0.00%"
"/how-to-sell-your-widget-on-sparkfun/";"Discuss Tutorial: How to Sell Your Widget on SparkFun - learn.sparkfun.com";247;247;"00:00:00";"100.00%";"100.00%"
"/insulation-techniques-for-e-textiles/";"Insulation Techniques for e-Textiles - learn.sparkfun.com";247;247;"00:00:00";"100.00%";"100.00%"
"/isl29125-rgb-light-sensor-hookup-guide/";"ISL29125 RGB Light Sensor Hookup Guide - learn.sparkfun.com";247;247;"00:11:26";"0.00%";"0.00%"
"/lsm6ds3-breakout-hookup-guide/";"Discuss Tutorial: LSM6DS3 Breakout Hookup Guide - learn.sparkfun.com";247;247;"00:00:22";"0.00%";"49.80%"
"/ltc4150-coulomb-counter-hookup-guide/";"LTC4150 Coulomb Counter Hookup Guide - learn.sparkfun.com";247;247;"00:07:17";"0.00%";"0.00%"
"/makey-makey-advanced-guide/";"Discuss Tutorial: MaKey MaKey Advanced Guide - learn.sparkfun.com";247;247;"00:00:00";"100.00%";"100.00%"
"/makey-makey-quickstart-guide/";"Discuss Tutorial: MaKey MaKey Quickstart Guide - learn.sparkfun.com";247;247;"00:00:00";"0.00%";"100.00%"
"/mbed-starter-kit-experiment-guide/";"Discuss Tutorial: mbed Starter Kit Experiment Guide - learn.sparkfun.com";247;247;"00:00:11";"0.00%";"0.00%"
"/minigen-hookup-guide/";"MiniGen Hookup Guide - learn.sparkfun.com";247;247;"00:02:58";"49.80%";"49.80%"
"/mma8452q-accelerometer-breakout-hookup-guide/";"Discuss Tutorial: MMA8452Q Accelerometer Breakout Hookup Guide - learn.sparkfun.com";247;247;"00:00:55";"0.00%";"0.00%"
"/mp3-player-shield-hookup/";"Discuss Tutorial: MP3 Player Shield Hookup - learn.sparkfun.com";247;123;"00:00:32";"0.00%";"0.00%"
"/polarity/";"Discuss Tutorial: Polarity - learn.sparkfun.com";247;247;"00:00:35";"0.00%";"0.00%"
"/pro-micro--fio-v3-hookup-guide/";"Discuss Tutorial: Pro Micro & Fio v3 Hookup Guide - learn.sparkfun.com";247;247;"00:00:55";"0.00%";"49.80%"
"/pushing-data-to-datasparkfuncom/";"Discuss Tutorial: Pushing Data to Data.SparkFun.com - learn.sparkfun.com";247;247;"00:00:17";"0.00%";"49.80%"
"/pushing-data-to-datasparkfuncom/";"ERROR - 404 - NOT FOUND - learn.sparkfun.com";247;247;"00:00:00";"0.00%";"100.00%"
"/raspberry-pi-2-starter-kit-hookup-guide/";"Raspberry Pi 2 Starter Kit Hookup Guide - learn.sparkfun.com";247;247;"00:00:06";"100.00%";"49.80%"
"/raspberry-pi-spi-and-i2c-tutorial/";"Raspberry Pi SPI and I2C Tutorial - learn.sparkfun.com";247;247;"00:02:43";"49.80%";"49.80%"
"/sd-cards-and-writing-images/";"SD Cards and Writing Images - learn.sparkfun.com";247;247;"00:00:00";"100.00%";"100.00%"
"/sik-experiment-guide-for-arduino—-v32/";"ERROR - 404 - NOT FOUND - learn.sparkfun.com";247;123;"00:00:20";"0.00%";"49.80%"
"/sik/";"ERROR - 404 - NOT FOUND - learn.sparkfun.com";247;247;"00:00:48";"0.00%";"0.00%"
"/sparkpunk-sequencer-hookup-guide/";"SparkPunk Sequencer Hookup Guide - learn.sparkfun.com";247;247;"00:00:00";"100.00%";"100.00%"
"/sx1509-io-expander-breakout-hookup-guide/";"Discuss Tutorial: SX1509 I/O Expander Breakout Hookup Guide - learn.sparkfun.com";247;123;"00:05:41";"0.00%";"0.00%"
"/t5403-barometric-pressure-sensor-hookup-guide/";"T5403 Barometric Pressure Sensor Hookup Guide - learn.sparkfun.com";247;247;"00:00:00";"100.00%";"100.00%"
"/tags/";"Actobotics | Tutorials - learn.sparkfun.com";247;247;"00:00:17";"0.00%";"0.00%"
"/tags/";"Bluetooth Low Energy | Tutorials - learn.sparkfun.com";247;247;"00:00:04";"0.00%";"49.80%"
"/tags/";"Christmas | Tutorials - learn.sparkfun.com";247;247;"00:00:19";"0.00%";"0.00%"
"/tags/";"FPGA | Tutorials - learn.sparkfun.com";247;247;"00:00:18";"0.00%";"0.00%"
"/tags/";"MaKey MaKey | Tutorials - learn.sparkfun.com";247;123;"00:11:48";"0.00%";"49.80%"
"/tags/";"phant | Tutorials - learn.sparkfun.com";247;247;"00:00:56";"0.00%";"0.00%"
"/tags/";"Power | Tutorials - learn.sparkfun.com";247;247;"00:00:33";"0.00%";"0.00%"
"/tags/";"Prototyping | Tutorials - learn.sparkfun.com";247;247;"00:00:12";"0.00%";"0.00%"
"/tags/";"Weather | Tutorials - learn.sparkfun.com";247;247;"00:00:17";"0.00%";"0.00%"
"/terminal-basics/";"Discuss Tutorial: Serial Terminal Basics - learn.sparkfun.com";247;247;"00:00:18";"0.00%";"0.00%"
"/tiny-avr-programmer-hookup-guide/";"ERROR - 404 - NOT FOUND - learn.sparkfun.com";247;123;"00:00:08";"0.00%";"0.00%"
"/transistors/";"Discuss Tutorial: Transistors - learn.sparkfun.com";247;247;"00:00:21";"0.00%";"0.00%"
"/usb-type-a-female-breakout-hookup-guide/";"USB Type A Female Breakout Hookup Guide - learn.sparkfun.com";247;247;"00:00:04";"100.00%";"49.80%"
"/using-­‐the-­‐bluesmirf/";"ERROR - 404 - NOT FOUND - learn.sparkfun.com";247;123;"00:00:16";"0.00%";"49.80%"
"/using-the-bluesmirf/";"Discuss Tutorial: Using the BlueSMiRF - learn.sparkfun.com";247;247;"00:05:45";"0.00%";"0.00%"
"/what-is-a-circuit/";"Discuss Tutorial: What is a Circuit? - learn.sparkfun.com";247;247;"00:00:44";"0.00%";"0.00%"
"/21st-century-fashion-kit-inflation/";"Discuss Tutorial: 21st Century Fashion Kit: Inflation - learn.sparkfun.com";123;123;"00:00:11";"0.00%";"0.00%"
"/actobotics-basic-differential-platform/";"Actobotics Basic Differential Platform - learn.sparkfun.com";123;123;"00:00:00";"100.00%";"100.00%"
"/adding-a-timed-button-to-a-project/";"Discuss Tutorial: Adding a Timed Button to a Project - learn.sparkfun.com";123;123;"00:00:00";"0.00%";"100.00%"
"/alternative-arduino-interfaces/";"Discuss Tutorial: Alternative Arduino Interfaces - learn.sparkfun.com";123;123;"00:00:00";"0.00%";"100.00%"
"/analog-to-digital-conversion/";"Discuss Tutorial: Analog to Digital Conversion - learn.sparkfun.com";123;123;"00:01:24";"0.00%";"0.00%"
"/ardumoto-shield-kit-hookup-guide/";"Ardumoto Shield Kit Hookup Guide - learn.sparkfun.com";123;123;"00:00:00";"100.00%";"100.00%"
"/assembly-guide-for-redbot-with-shadow-chassis/";"Discuss Tutorial: Assembly Guide for RedBot with Shadow Chassis - learn.sparkfun.com";123;123;"00:00:09";"0.00%";"0.00%"
"/at42qt1010-capacitive-touch-breakout-hookup-guide/";"Discuss Tutorial: AT42QT1010 Capacitive Touch Breakout Hookup Guide - learn.sparkfun.com";123;123;"00:00:31";"0.00%";"0.00%"
"/badgerhack/";"Discuss Tutorial: BadgerHack - learn.sparkfun.com";123;123;"00:00:07";"0.00%";"0.00%"
"/bare-conductive-musical-painting-/";"Bare Conductive Musical Painting - learn.sparkfun.com";123;123;"00:00:00";"100.00%";"100.00%"
"/bc118-ble-mate-2-hookup-guide/";"Discuss Tutorial: BC118 BLE Mate 2 Hookup Guide - learn.sparkfun.com";123;123;"00:00:39";"0.00%";"0.00%"
"/beaglebone-black-proto-cape-hookup-guide/";"Discuss Tutorial: BeagleBone Black Proto Cape Hookup Guide - learn.sparkfun.com";123;123;"00:00:06";"0.00%";"0.00%"
"/benchtop-power-board-kit-hookup-guide/";"Discuss Tutorial: Benchtop Power Board Kit Hookup Guide - learn.sparkfun.com";123;123;"00:00:31";"0.00%";"0.00%"
"/bi-directional-logic-level-converter-hookup-guide/";"Discuss Tutorial: Bi-Directional Logic Level Converter Hookup Guide - learn.sparkfun.com";123;123;"00:00:11";"0.00%";"0.00%"
"/bmp180-barometric-pressure-sensor-hookup-/";"Discuss Tutorial: BMP180 Barometric Pressure Sensor Hookup - learn.sparkfun.com";123;123;"00:00:00";"0.00%";"100.00%"
"/build-an-auduino-step-sequencer/";"Discuss Tutorial: Build an Auduino Step Sequencer - learn.sparkfun.com";123;123;"00:00:00";"0.00%";"100.00%"
"/button-pad-hookup-guide/";"Button Pad Hookup Guide - learn.sparkfun.com";123;123;"00:00:13";"0.00%";"0.00%"
"/button-pad-hookup-guide/";"Discuss Tutorial: Button Pad Hookup Guide - learn.sparkfun.com";123;123;"00:00:04";"0.00%";"0.00%"
"/cackling-apple-head-witch/";"Cackling Apple Head Witch - learn.sparkfun.com";123;123;"00:00:00";"100.00%";"100.00%"
"/capacitor-kit-identification-guide/";"Capacitor Kit Identification Guide - learn.sparkfun.com";123;123;"00:00:00";"100.00%";"100.00%"
"/capacitors/";"(not set)";123;123;"00:00:00";"100.00%";"100.00%"
"/connecting-arduino-to-processing/";"BZZZZZZZZT - SparkFun Electronics";123;123;"00:00:00";"100.00%";"100.00%"
"/copernicus-ii-hookup-guide/";"Discuss Tutorial: Copernicus II Hookup Guide - learn.sparkfun.com";123;123;"00:00:04";"0.00%";"0.00%"
"/customizing-lilypad-led-colors/";"Customizing LilyPad LED Colors - learn.sparkfun.com";123;123;"00:00:00";"100.00%";"100.00%"
"/designing-pcbs-advanced-smd/";"Discuss Tutorial: Designing PCBs: Advanced SMD - learn.sparkfun.com";123;123;"00:00:00";"100.00%";"100.00%"
"/diodes/";"9.36 MB: Diodes - learn.sparkfun.com";123;123;"00:00:00";"100.00%";"100.00%"
"/diodes/";"Discuss Tutorial: Diodes - learn.sparkfun.com";123;123;"00:00:17";"0.00%";"0.00%"
"/electric-imp-breakout-hookup-guide---retired/";"Electric Imp Breakout Hookup Guide - Retired - learn.sparkfun.com";123;123;"00:00:00";"100.00%";"100.00%"
"/esp8266-thing-development-board-hookup-guide/";"Discuss Tutorial: ESP8266 Thing Development Board Hookup Guide - learn.sparkfun.com";123;123;"00:00:00";"100.00%";"100.00%"
"/femtobuck-constant-current-led-driver-hookup-guide-v12/";"FemtoBuck Constant Current LED Driver Hookup Guide V12 - learn.sparkfun.com";123;123;"00:00:00";"100.00%";"100.00%"
"/flir-lepton-hookup-guide/";"Discuss Tutorial: FLIR Lepton Hookup Guide - learn.sparkfun.com";123;123;"00:00:00";"0.00%";"100.00%"
"/flir-lepton-hookup-guide/";"FLIR Lepton Hookup Guide - learn.sparkfun.com";123;123;"00:00:00";"100.00%";"100.00%"
"/freesoc2-introduction/";"Discuss Tutorial: FreeSoC2 Introduction - learn.sparkfun.com";123;123;"00:00:07";"0.00%";"0.00%"
"/ftdi-smartbasic-hookup-guide/";"FTDI SmartBasic Hookup Guide - learn.sparkfun.com";123;123;"00:00:00";"100.00%";"100.00%"
"/general-guide-to-sparkfun-blocks-for-intel-edison/";"General Guide to SparkFun Blocks for Intel® Edison - learn.sparkfun.com";123;123;"00:00:00";"0.00%";"100.00%"
"/getting-started-with-the-autodriver/";"Discuss Tutorial: Getting Started with the AutoDriver - learn.sparkfun.com";123;123;"00:00:32";"0.00%";"0.00%"
"/getting-started-with-the-redbot/";"ERROR - 404 - NOT FOUND - learn.sparkfun.com";123;123;"00:00:10";"0.00%";"0.00%"
"/gps-shield-hookup-guide/";"GPS Shield Hookup Guide - learn.sparkfun.com";123;123;"00:00:00";"100.00%";"100.00%"
"/gyroscope/";"Discuss Tutorial: Gyroscope - learn.sparkfun.com";123;123;"00:03:38";"0.00%";"0.00%"
"/hackers-in-residence-the-sound-visualizer/";"Hackers in Residence: The Sound Visualizer - learn.sparkfun.com";123;123;"00:00:00";"100.00%";"100.00%"
"/hacking-the-mip---proto-back/";"Hacking the MiP - Proto Back - learn.sparkfun.com";123;123;"00:00:00";"100.00%";"100.00%"
"/hid-control-of-a-web-page/";"HID Control of a Web Page - learn.sparkfun.com";123;123;"00:00:00";"100.00%";"100.00%"
"/how-chip-on-boards-are-made/";"How Chip-On-Boards are Made - learn.sparkfun.com";123;123;"00:00:00";"0.00%";"100.00%"
"/how-lithium-polymer-batteries-are-made/";"Discuss Tutorial: How Lithium Polymer Batteries are Made - learn.sparkfun.com";123;123;"00:01:22";"0.00%";"0.00%"
"/how-to-read-a-schematic/";"Discuss Tutorial: How to Read a Schematic - learn.sparkfun.com";123;123;"00:00:00";"0.00%";"100.00%"
"/how-to-solder---through-hole-soldering/";"BZZZZZZZZT - SparkFun Electronics";123;123;"00:00:00";"0.00%";"100.00%"
"/how-to-solder---through-hole-soldering/";"Discuss Tutorial: How to Solder - Through-hole Soldering - learn.sparkfun.com";123;123;"00:00:03";"0.00%";"0.00%"
"/how-to-use-a-breadboard/";"Discuss Tutorial: How to Use a Breadboard - learn.sparkfun.com";123;123;"00:00:10";"0.00%";"0.00%"
"/installing-arduino-ide/";"Discuss Tutorial: Installing Arduino IDE - learn.sparkfun.com";123;123;"00:00:00";"100.00%";"100.00%"
"/installing-libmraa-on-ubilinux-for-edison/";"Discuss Tutorial: Installing libmraa on Ubilinux for Edison - learn.sparkfun.com";123;123;"00:00:00";"0.00%";"100.00%"
"/installing-libmraa-on-ubilinux-for-edison/";"Installing libmraa on Ubilinux for Edison - learn.sparkfun.com";123;123;"00:00:00";"0.00%";"100.00%"
"/introducing-the-lilypad-design-kit/";"Introducing the LilyPad Design Kit! - learn.sparkfun.com";123;123;"00:00:00";"100.00%";"100.00%"
"/ir-control-kit-hookup-guide/";"Discuss Tutorial: IR Control Kit Hookup Guide - learn.sparkfun.com";123;123;"00:00:00";"100.00%";"100.00%"
"/ldk-experiment-2-multiple-led-circuits/";"LDK Experiment 2: Multiple LED Circuits - learn.sparkfun.com";123;123;"00:00:00";"100.00%";"100.00%"
"/let-it-glow-holiday-cards/";"Discuss Tutorial: Let It Glow Holiday Cards - learn.sparkfun.com";123;123;"00:00:18";"0.00%";"0.00%"
"/light-emitting-diodes-leds/";"Discuss Tutorial: Light-emitting Diodes (LEDs) - learn.sparkfun.com";123;123;"00:00:00";"100.00%";"100.00%"
"/lilypad-light-sensor-hookup-guide/";"Discuss Tutorial: LilyPad Light Sensor Hookup Guide - learn.sparkfun.com";123;123;"00:00:03";"0.00%";"0.00%"
"/lilytiny-plush-monster/";"LilyTiny Plush Monster - learn.sparkfun.com";123;123;"00:00:00";"100.00%";"100.00%"
"/lockitron-hardware-hookup-guide/";"Lockitron Hardware Hookup Guide - learn.sparkfun.com";123;123;"00:00:00";"0.00%";"100.00%"
"/logicblocks--digital-logic-introduction/";"Discuss Tutorial: LogicBlocks & Digital Logic Introduction - learn.sparkfun.com";123;123;"00:00:05";"0.00%";"0.00%"
"/lsm303c-6dof-hookup-guide/";"LSM303C 6DoF Hookup Guide - learn.sparkfun.com";123;123;"00:00:00";"100.00%";"100.00%"
"/lsm6ds3-breakout-hookup-guide/";"LSM6DS3 Breakout Hookup Guide - learn.sparkfun.com";123;123;"00:00:00";"100.00%";"100.00%"
"/lsm9ds1-breakout-hookup-guide/";"Discuss Tutorial: LSM9DS1 Breakout Hookup Guide - learn.sparkfun.com";123;123;"00:00:00";"0.00%";"100.00%"
"/ltc4150-coulomb-counter-hookup-guide/";"Discuss Tutorial: LTC4150 Coulomb Counter Hookup Guide - learn.sparkfun.com";123;123;"00:00:22";"0.00%";"0.00%"
"/mg2639-cellular-shield-hookup-guide/";"Discuss Tutorial: MG2639 Cellular Shield Hookup Guide - learn.sparkfun.com";123;123;"00:00:06";"0.00%";"0.00%"
"/micro-oled-breakout-hookup-guide/";"ERROR - 404 - NOT FOUND - learn.sparkfun.com";123;123;"00:00:18";"0.00%";"0.00%"
"/midi-tutorial/";"Discuss Tutorial: MIDI Tutorial - learn.sparkfun.com";123;123;"00:00:03";"0.00%";"0.00%"
"/mini-fet-shield-hookup-guide/";"Discuss Tutorial: Mini FET Shield Hookup Guide - learn.sparkfun.com";123;123;"00:00:02";"0.00%";"0.00%"
"/mlx90614-ir-thermometer-hookup-guide/";"MLX90614 IR Thermometer Hookup Guide - learn.sparkfun.com";123;123;"00:00:00";"100.00%";"100.00%"
"/motors-and-selecting-the-right-one/";"Discuss Tutorial: Motors and Selecting the Right One - learn.sparkfun.com";123;123;"00:00:00";"100.00%";"100.00%"
"/mp3-player-shield-hookup-guide-v15/";"Discuss Tutorial: MP3 Player Shield Hookup Guide V15 - learn.sparkfun.com";123;123;"00:00:05";"0.00%";"0.00%"
"/mpr121-hookup-guide/";"Discuss Tutorial: MPR121 Hookup Guide - learn.sparkfun.com";123;123;"00:01:22";"0.00%";"0.00%"
"/obd-ii-uart-hookup-guide/";"Discuss Tutorial: OBD II Uart Hookup Guide - learn.sparkfun.com";123;123;"00:00:00";"100.00%";"100.00%"
"/obd-ii-uart-hookup-guide/";"ERROR - 404 - NOT FOUND - learn.sparkfun.com";123;123;"00:00:00";"100.00%";"100.00%"
"/pcduino-crowdsource-kiosk/";"pcDuino Crowdsource Kiosk - learn.sparkfun.com";123;123;"00:00:00";"100.00%";"100.00%"
"/photon-weather-shield-hookup-guide-retired/";"Discuss Tutorial: Photon Weather Shield Hookup Guide RETIRED - learn.sparkfun.com";123;123;"00:00:00";"100.00%";"100.00%"
"/photon-weather-shield-hookup-guide/";"BZZZZZZZZT - SparkFun Electronics";123;123;"00:00:00";"100.00%";"100.00%"
"/photon-weather-shield-hookup-guide/";"Discuss Tutorial: Photon Weather Shield Hookup Guide - learn.sparkfun.com";123;123;"00:01:47";"0.00%";"0.00%"
"/polarity/";"BZZZZZZZZT - SparkFun Electronics";123;123;"00:00:00";"100.00%";"100.00%"
"/pro-micro–fio-v3-hookup-guide/";"ERROR - 404 - NOT FOUND - learn.sparkfun.com";123;123;"00:00:00";"100.00%";"100.00%"
"/programming-fpgas-papilio-pro/";"Programming FPGAs: Papilio Pro - learn.sparkfun.com";123;123;"00:00:00";"100.00%";"100.00%"
"/programming-the-intel-edison-beyond-the-arduino-ide/";"Discuss Tutorial: Programming the Intel® Edison: Beyond the Arduino IDE - learn.sparkfun.com";123;123;"00:00:00";"100.00%";"100.00%"
"/programming-the-pcduino/";"Discuss Tutorial: Programming the pcDuino - learn.sparkfun.com";123;123;"00:00:00";"100.00%";"100.00%"
"/raspberry-pi-twitter-monitor/";"Discuss Tutorial: Raspberry Pi Twitter Monitor - learn.sparkfun.com";123;123;"00:00:00";"100.00%";"100.00%"
"/re-programming-the-lilytiny--lilytwinkle/";"Re-Programming the LilyTiny / LilyTwinkle - learn.sparkfun.com";123;123;"00:00:00";"100.00%";"100.00%"
"/reaction-timer/";"Reaction Timer - learn.sparkfun.com";123;123;"00:00:00";"100.00%";"100.00%"
"/redboard-vs-uno/";"Discuss Tutorial: RedBoard vs. Uno - learn.sparkfun.com";123;123;"00:00:06";"0.00%";"0.00%"
"/redbot-assembly-guide-rev-02/";"Discuss Tutorial: RedBot Assembly Guide Rev 02 - learn.sparkfun.com";123;123;"00:00:00";"0.00%";"100.00%"
"/redbot-assembly-guide-rev-02/";"ERROR - 404 - NOT FOUND - learn.sparkfun.com";123;123;"00:00:10";"0.00%";"0.00%"
"/resistors/";"BZZZZZZZZT - SparkFun Electronics";123;123;"00:00:00";"0.00%";"100.00%"
"/rgb-panel-jumbotron/";"RGB Panel Jumbotron - learn.sparkfun.com";123;123;"00:00:00";"0.00%";"100.00%"
"/robertsonics.com/";"ERROR - 404 - NOT FOUND - learn.sparkfun.com";123;123;"00:00:03";"0.00%";"0.00%"
"/series-and-parallel-circuits/";"Discuss Tutorial: Series and Parallel Circuits - learn.sparkfun.com";123;123;"00:00:12";"0.00%";"0.00%"
"/series-and-parallel-circuits/";"ERROR - 404 - NOT FOUND - learn.sparkfun.com";123;123;"00:00:00";"0.00%";"100.00%"
"/sewing-with-conductive-thread/";"Discuss Tutorial: Sewing with Conductive Thread - learn.sparkfun.com";123;123;"00:00:00";"0.00%";"100.00%"
"/shift-registers/";"Discuss Tutorial: Shift Registers - learn.sparkfun.com";123;123;"00:00:11";"0.00%";"0.00%"
"/sik-experiment-guide-for-arduino---v32/";"Discuss Tutorial: SIK Experiment Guide for Arduino - V3.2 - learn.sparkfun.com";123;123;"00:00:08";"0.00%";"0.00%"
"/sparkfun-blocks-for-intel-edison---9-degrees-of-freedom-block-/";"Discuss Tutorial: SparkFun Blocks for Intel® Edison - 9 Degrees of Freedom Block - learn.sparkfun.com";123;123;"00:00:20";"0.00%";"0.00%"
"/sparkfun-blocks-for-intel-edison---adc-v20/";"SparkFun Blocks for Intel® Edison - ADC V20 - learn.sparkfun.com";123;123;"00:00:00";"100.00%";"100.00%"
"/sparkfun-blocks-for-intel-edison---base-block-/";"Discuss Tutorial: SparkFun Blocks for Intel® Edison - Base Block - learn.sparkfun.com";123;123;"00:00:11";"0.00%";"0.00%"
"/sparkfun-blocks-for-intel-edison---i2c-breakout-block/";"SparkFun Blocks for Intel® Edison - I2C Breakout Block - learn.sparkfun.com";123;123;"00:00:00";"100.00%";"100.00%"
"/sparkfun-blocks-for-intel-edison---oled-block-/";"Discuss Tutorial: SparkFun Blocks for Intel® Edison - OLED Block - learn.sparkfun.com";123;123;"00:03:58";"0.00%";"0.00%"
"/sparkfun-blocks-for-intel-edison---pi-block/";"Discuss Tutorial: SparkFun Blocks for Intel® Edison - Pi Block - learn.sparkfun.com";123;123;"00:00:07";"0.00%";"0.00%"
"/sparkfun-blocks-for-intel-edison---pi-block/";"SparkFun Blocks for Intel® Edison - Pi Block - learn.sparkfun.com";123;123;"00:27:09";"0.00%";"0.00%"
"/sparkfun-blocks-for-intel-edison---pwm/";"Discuss Tutorial: SparkFun Blocks for Intel® Edison - PWM - learn.sparkfun.com";123;123;"00:00:41";"0.00%";"0.00%"
"/sparkfun-blocks-for-intel-edison---pwm/";"SparkFun Blocks for Intel® Edison - PWM - learn.sparkfun.com";123;123;"00:00:00";"0.00%";"100.00%"
"/sparkfun-blocks-for-intel-edison---uart-block/";"Discuss Tutorial: SparkFun Blocks for Intel® Edison - UART Block - learn.sparkfun.com";123;123;"00:00:00";"100.00%";"100.00%"
"/sparkfun-bme280-breakout-hookup-guide/";"Discuss Tutorial: SparkFun BME280 Breakout Hookup Guide - learn.sparkfun.com";123;123;"00:00:00";"0.00%";"100.00%"
"/sparkfun-rfid-starter-kit-hookup-guide/";"SparkFun RFID Starter Kit Hookup Guide - learn.sparkfun.com";123;123;"00:00:00";"100.00%";"100.00%"
"/sparkpunk-sequencer-theory-and-applications-guide/";"SparkPunk Sequencer Theory and Applications Guide - learn.sparkfun.com";123;123;"00:00:00";"0.00%";"100.00%"
"/sunny-buddy-solar-charger-hookup-guide/";"Sunny Buddy Solar Charger Hookup Guide - learn.sparkfun.com";123;123;"00:00:00";"100.00%";"100.00%"
"/switch-basics/";"BZZZZZZZZT - SparkFun Electronics";123;123;"00:00:00";"100.00%";"100.00%"
"/switch-basicshttp:/";"ERROR - 404 - NOT FOUND - learn.sparkfun.com";123;123;"00:00:26";"0.00%";"0.00%"
"/sx1509-io-expander-breakout-hookup-guide/";"SX1509 I/O Expander Breakout Hookup Guide - learn.sparkfun.com";123;123;"00:16:42";"0.00%";"0.00%"
"/tags/";"BZZZZZZZZT - SparkFun Electronics";123;123;"00:00:29";"0.00%";"0.00%"
"/tags/";"Capacitive Touch | Tutorials - learn.sparkfun.com";123;123;"00:00:00";"0.00%";"100.00%"
"/tags/";"Cellular | Tutorials - learn.sparkfun.com";123;123;"00:00:09";"0.00%";"0.00%"
"/tags/";"Input Devices | Tutorials - learn.sparkfun.com";123;123;"00:00:14";"0.00%";"0.00%"
"/tags/";"Shapeoko | Tutorials - learn.sparkfun.com";123;123;"00:00:53";"0.00%";"0.00%"
"/tags/";"Teensy | Tutorials - learn.sparkfun.com";123;123;"00:00:06";"0.00%";"0.00%"
"/terminal-basics/";"Serial Terminal Basics - learn.sparkfun.com - CKeyboard Hide";123;123;"00:00:00";"100.00%";"100.00%"
"/tiny-avr-programmer-hookup-guide/";"Discuss Tutorial: Tiny AVR Programmer Hookup Guide - learn.sparkfun.com";123;123;"00:06:16";"0.00%";"0.00%"
"/transistors/";"ERROR - 404 - NOT FOUND - learn.sparkfun.com";123;123;"00:00:41";"0.00%";"0.00%"
"/using-atts-m2x-with-the-cc3000/";"Discuss Tutorial: Using AT&T's M2X With the CC3000 - learn.sparkfun.com";123;123;"00:00:00";"100.00%";"100.00%"
"/using-eagle-board-layout/";"ERROR - 404 - NOT FOUND - learn.sparkfun.com";123;123;"00:00:17";"0.00%";"0.00%"
"/using-the-logic-level-converter/";"Discuss Tutorial: Using the Logic Level Converter - learn.sparkfun.com";123;123;"00:00:12";"0.00%";"0.00%"
"/using-the-sparkfun-picoboard-and-scratch/";"Using the SparkFun PicoBoard and Scratch - learn.sparkfun.com";123;123;"00:00:00";"100.00%";"100.00%"
"/vl6180-hookup-guide/";"Discuss Tutorial: VL6180 Hookup Guide - learn.sparkfun.com";123;123;"00:05:24";"0.00%";"0.00%"
"/what-is-a-circuitwww.edu.pe.ca/";"ERROR - 404 - NOT FOUND - learn.sparkfun.com";123;123;"00:05:06";"0.00%";"0.00%"
"/what-is-an-arduino/";"Discuss Tutorial: What is an Arduino? - learn.sparkfun.com";123;123;"00:02:27";"0.00%";"0.00%"
"/where-do-i-start/";"Where Do I Start? - learn.sparkfun.com";123;123;"00:00:00";"100.00%";"100.00%"
"/wifly-shield-hookup-guide/";"Discuss Tutorial: WiFly Shield Hookup Guide - learn.sparkfun.com";123;123;"00:00:31";"0.00%";"0.00%"
"/working-with-wire/";"Discuss Tutorial: Working with Wire - learn.sparkfun.com";123;123;"00:00:08";"0.00%";"0.00%"
"/ws2812-breakout-hookup-guide/";"Discuss Tutorial: WS2812 Breakout Hookup Guide - learn.sparkfun.com";123;123;"00:01:47";"0.00%";"0.00%"
"/zx-distance-and-gesture-sensor-hookup-guide/";"Discuss Tutorial: ZX Distance and Gesture Sensor Hookup Guide - learn.sparkfun.com";123;123;"00:00:00";"100.00%";"100.00%"